{"cameraMode":{"drawMode":0,"name":"Shaded","section":"Shading Mode"},"sceneLighting":false,"audioPlay":false,"sceneViewState":{"showFog":true,"showMaterialUpdate":false,"showSkybox":true,"showFlares":true,"showImageEffects":true,"showParticleSystems":true},"in2DMode":false,"pivot":{"x":0.25322961807250979,"y":0.2435626983642578,"z":-0.4013023376464844},"rotation":{"x":-0.07705160230398178,"y":0.9115867018699646,"z":-0.20031912624835969,"w":-0.3506365418434143},"size":10.0,"orthographic":false}