{"cameraMode":{"drawMode":0,"name":"Shaded","section":"Shading Mode"},"sceneLighting":true,"audioPlay":false,"sceneViewState":{"showFog":true,"showMaterialUpdate":false,"showSkybox":false,"showFlares":true,"showImageEffects":true,"showParticleSystems":true},"in2DMode":false,"pivot":{"x":2.8721673488616945,"y":-0.36191967129707339,"z":-5.600573539733887},"rotation":{"x":-0.19195476174354554,"y":0.2207387387752533,"z":-0.04435727000236511,"w":-0.9552305936813355},"size":11.719143867492676,"orthographic":false}