{"cameraMode":{"drawMode":0,"name":"Shaded","section":"Shading Mode"},"sceneLighting":true,"audioPlay":false,"sceneViewState":{"showFog":true,"showMaterialUpdate":false,"showSkybox":true,"showFlares":true,"showImageEffects":true,"showParticleSystems":true},"in2DMode":false,"pivot":{"x":-1.3868629932403565,"y":1.2512606382369996,"z":-1.1362247467041016},"rotation":{"x":0.0075547657907009129,"y":0.977087676525116,"z":-0.03519058972597122,"w":0.20979158580303193},"size":11.495570182800293,"orthographic":false}