{"cameraMode":{"drawMode":0,"name":"Shaded","section":"Shading Mode"},"sceneLighting":false,"audioPlay":false,"sceneViewState":{"showFog":true,"showMaterialUpdate":false,"showSkybox":true,"showFlares":true,"showImageEffects":true,"showParticleSystems":true},"in2DMode":false,"pivot":{"x":0.389784574508667,"y":0.6599396467208862,"z":0.15318429470062257},"rotation":{"x":-0.0904131606221199,"y":0.873920738697052,"z":-0.17834438383579255,"w":-0.4430418610572815},"size":3.0640406608581545,"orthographic":false}