{"cameraMode":{"drawMode":0,"name":"Shaded","section":"Shading Mode"},"sceneLighting":false,"audioPlay":false,"sceneViewState":{"showFog":true,"showMaterialUpdate":false,"showSkybox":true,"showFlares":true,"showImageEffects":true,"showParticleSystems":true},"in2DMode":false,"pivot":{"x":0.8693608045578003,"y":3.316537618637085,"z":-0.2988365590572357},"rotation":{"x":-0.07110804319381714,"y":0.6433929800987244,"z":-0.06020909920334816,"w":-0.7598491311073303},"size":1.9488213062286378,"orthographic":false}