{"cameraMode":{"drawMode":0,"name":"Shaded","section":"Shading Mode"},"sceneLighting":false,"audioPlay":false,"sceneViewState":{"showFog":true,"showMaterialUpdate":false,"showSkybox":true,"showFlares":true,"showImageEffects":true,"showParticleSystems":true},"in2DMode":false,"pivot":{"x":0.15636387467384339,"y":0.3560967743396759,"z":0.7037369012832642},"rotation":{"x":-0.0904131606221199,"y":0.873920738697052,"z":-0.17834438383579255,"w":-0.4430418610572815},"size":5.496246337890625,"orthographic":false}