{"cameraMode":{"drawMode":0,"name":"Shaded","section":"Shading Mode"},"sceneLighting":false,"audioPlay":false,"sceneViewState":{"showFog":true,"showMaterialUpdate":false,"showSkybox":true,"showFlares":true,"showImageEffects":true,"showParticleSystems":true},"in2DMode":false,"pivot":{"x":0.2459999918937683,"y":0.4235000014305115,"z":1.0443999767303467},"rotation":{"x":-0.07110804319381714,"y":0.6433929800987244,"z":-0.06020909920334816,"w":-0.7598491311073303},"size":3.943671226501465,"orthographic":false}